fecha_utc,cambio,bateria,humedad,humedad_interior,lluvia_mm,lluvia_tasa_mmh,presion,punto_rocio,rafaga_kmh,temperatura,temperatura_interior,uv,viento_kmh
2026-10-06 23:49:06,temp_current_external,,,,,,,,,14.3,,,
2026-10-06 23:49:36,windspeed_gust,,,,,,,9.7,0.0,14.3,,,
2026-10-06 23:52:06,windspeed_gust,,,,,,,9.7,3.3,14.3,,,
2026-10-06 23:52:36,windspeed_gust,,,,,,,9.7,4.6,14.3,,,
2026-10-06 23:53:06,feellike_temp,,,,,,,9.7,4.6,14.3,,,
2026-10-06 23:53:31,temp_current,,,,,,,9.7,4.6,14.3,19.1,,
2026-10-06 23:53:36,windspeed_gust,,,,,,,9.7,2.6,14.3,19.1,,
2026-10-06 23:54:06,windspeed_gust,,,,,,,9.7,1.3,14.3,19.1,,
2026-10-06 23:54:31,humidity_value,,,56.0,,,,9.7,1.3,14.3,19.1,,
2026-10-06 23:54:36,windspeed_avg,,,56.0,,,,9.7,1.3,14.3,19.1,,0.5
2026-10-06 23:55:01,atmospheric_pressture,,,56.0,,,1007.0,9.7,0.0,14.3,19.1,,0.5
2026-10-06 23:55:06,humidity_outdoor,,73.0,56.0,,,1007.0,9.7,0.0,14.3,19.1,,0.5
2026-10-06 23:55:36,temp_current_external,,73.0,56.0,,,1007.0,9.5,2.6,14.4,19.1,,0.5
2026-10-06 23:56:06,windspeed_gust,,73.0,56.0,,,1007.0,9.6,1.9,14.4,19.1,,0.5
2026-10-06 23:57:06,windspeed_gust,,73.0,56.0,,,1007.0,9.6,0.0,14.4,19.1,,0.5
2026-10-06 23:57:36,humidity_outdoor,,74.0,56.0,,,1007.0,9.6,0.0,14.4,19.1,,0.5
2026-10-06 23:58:06,temp_current_external,,74.0,56.0,,,1007.0,9.8,0.0,14.3,19.1,,0.5
2026-10-06 23:58:31,humidity_value,,73.0,55.0,,,1007.0,9.5,0.0,14.3,19.1,,0.5
2026-10-06 23:58:36,temp_current_external,,73.0,55.0,,,1007.0,9.5,0.0,14.4,19.1,,0.5
2026-10-06 23:59:01,temp_current,,73.0,55.0,,,1007.0,9.6,0.0,14.4,19.0,,0.5
2026-10-06 23:59:06,humidity_outdoor,,74.0,56.0,,,1007.0,9.6,0.0,14.4,19.0,,0.5
2026-10-06 23:59:31,temp_current,,74.0,56.0,,,1007.0,9.8,0.0,14.4,19.1,,0.5
2026-10-06 23:59:36,temp_current_external,,74.0,55.0,,,1007.0,9.8,0.0,14.3,19.1,,0.5
